SKU,Name,Brand,Shelf Life
0001,COLBY JACK CUBES,STORE BRAND,21
0002,OLIVES MT ATHOS W GARLIC,DIVINA,21
0003,ARTICHOKE PIQUILLO PEPPERS,DIVINA,21
0004,OLIVES SPICY GREEK GARDEN MDLY DIVINA,DIVINA,21
0005,DOLMAS SPICY,DIVINA,14
0006,PECORINO CAMOMILLA,MITICA,30
0007,PICKLED CARROT STICKS CHIPOTLE,DIVINA,21
0008,PEPPERS PEPPADEWS GOLDEN,DIVINA,21
0009,OLIVES GRILLED,DIVINA,21
0010,OVELHA AMANTEIGADO RAW,MITICA,21
0011,TRUFFLED MARCONA ALMONDS,MITICA,90
0012,HORSERADISH WHEEL,YANCEYS FANCY,28
0013,JALAPENO CAYENNE WHEEL,YANCEYS FANCY,28
0014,CHEDDAR W PEPPER WHEEL,YANCEYS FANCY,28
0015,CAULIFLOWER CURRIED PICKLED,DIVINA,14
0016,FAVA BEANS FRIED,MITICA,90
0017,BLUE ROGUE RIVER PASTEURIZED OG,ROGUE CREAMERY,21
0018,BRUSSEL SPROUTS PICKLED SPICY,DIVINA,21
0019,BELLAVITANO HERBS DE PROVENCE,SARTORI CHEESE,28
0020,GOUDA CREAMY RED WAX,SPRING KOE,30
0021,MUSHROOMS MIX WILD,DIVINA,21
0022,BLUE OREGON OG,ROGUE CREAMERY,21
0023,1924 BLEU,HERVE MONS,21
0024,COOPERS HILL,SOMERDALE,30
0025,RICOTTA SALATA,LOCATELLI,21
0026,GOUDA 36 MONTH,CLARINA,30
0027,GOUDA 18 MONTH,CLARINA,30
0028,FONTINA FONTAL,SEPERTINO,21
0029,GOUDA ORIGINALE,KAASAGGIO,21
0030,GOUDA ROBUSTO,KAASAGGIO,21
0031,GOUDA TRUFFLE RAW,KLARE MELK,30
0032,GOUDA DOUBLE CREAM,SPRING KOE,30
0033,CHEDDAR THE RATTLESNAKE,ARTISAN CHEESE EXCHANGE,30
0034,GOUDA GOAT,SPRING KOE,30
0035,CREMEUX KALTBACH,EMMI,30
0036,PEPPERS ROASTED RED,DIVINA,21
0037,ARTICHOKE QUARTERS HERBS,DIVINA,21
0038,OLIVES MT ATHOS GREEN GARLIC STUFFED,DIVINA,21
0039,SPNF WHILE STILTON WITH BLUEBERRIES,LONG CLAWSON,21
0040,OLIVES OLYMPIA PROVISIONS MIX,DIVINA,7
0041,HEARTS OF PALM TURMERIC SPICED,DIVINA,21
0042,SALAD CALABRIAN,DIVINA,7
0043,ALISIOS,MITICA,30
0044,OLIVES FRESCATRANOS PITTED,DIVINA,6
0045,TOMA TRUFFLE,POINT REYES FARMSTEAD,30
0046,COMTE 15 MONTH RAW,JEAN CHARLES ARNAUD,30
0047,BLUE ENRAPTURED ROUGE OG,ROGUE CREAMERY,21
0048,HIKA BAY,SAXON HOMESTEAD CREAMERY,30
0049,ALMONDS MARCONA ORANGE GINGER,MITICA,120
0050,LARGUETAS HONEY AND CINNAMON,MITICA,120
0051,ARTICHOKE MARINATED QUARTERS AJI CHILES,DIVINA,21
0052,QUICOS,MITICA,90
0053,SALAD MEDITERRANEAN POWER,DIVINA,21
0054,OLIVES MARINATED SICILIAN HERB PITTED,DIVINA,21
0055,BEANS GIGANDE VINAIGRETTE,DIVINA,21
0056,DOLMAS SUNFLOWER,DIVINA,14
0057,OLIVES MT ATHOS PITTED,DIVINA,21
0058,OLIVES PITTED MARINATED TANGERINE CHILI,DIVINA,21
0059,OLIVES GIARRAFFA SPICY CRACKED,DIVINA,21
0060,GOUDA 3 CHILI PEPPER CUBES,ROTH,21
0061,SMOKIN GOAT,MITICA,30
0062,TOMATOES ROASTED MEDIUM,DIVINA,7
0063,OLIVES CASTELVETRANO PITTED DIVINA,DIVINA,7
0064,OLIVES GREEK BLACK PITTED,DIVINA,6
0065,TAPENADE CHOPPED OLIVE,DIVINA,14
0066,PEPPERS PERUVIAN,DIVINA,21
0067,CHEDDAR WHITE BLACK CREEK 3 YEAR,BLACK CREEK,30
0068,CHOCOLATE SEMI SWEET 53.1PCT,CALLEBAUT,120
0069,SPREAD KALAMATA OLIVE,DIVINA,21
0070,OLIVES STUFFED FETA,DIVINA,21
0071,ARTICHOKE HEARTS BABY IN OIL,DIVINA,14
0072,OLIVES STUFFED JALAPENO PERU,DIVINA,21
0073,OLIVES SUNDRIED TOMATOES STUFFED,DIVINA,21
0074,PEPPERS LOMBARDO GARLIC,DIVINA,21
0075,OLIVES MT ATHOS RED PEPPER STUFFED BIG PACK,DIVINA,21
0076,OLIVES MT ATHOS ALMOND STUFFED,DIVINA,21
0077,CAPERBERRIES,DIVINA,21
0078,OLIVES CASTELVETRANO BIG PACK,DIVINA,6
0079,OLIVES KALAMATA PITTED BIG PACK,DIVINA,21
0080,OLIVES MT ATHOS PITTED CHILIS,DIVINA,21
0081,GARLIC CLOVES MARINATED,DIVINA,21
0082,SPREAD MUFFALETTA SALAD,DIVINA,21
0083,OKRA PICKLED HOT CRUNCHY,DIVINA,21
0084,OLIVES MEZE MIX,DIVINA,21
0085,GREEN BEANS PICKLED SPICY,DIVINA,14
0086,CAPERS NON PAREIL,DIVINA,21
0087,TOMATO PICKLES GREEN ESSIES,DIVINA,21
0088,CHEDDAR KILAREE CUBES,KERRYGOLD,21
0089,ALMONDS MARCONA LEMON PEPPER MADE IN HOSUE, SPECIALTY,120
0090,JACK MISSION PLAIN RUMIANO,RUMIANO,30
0091,JACK MISSION SICILIAN,RUMIANO,30
0092,CHEDDAR WHITE CATAMOUNT CABOT,CABOT,21
0093,STILTON WITH MANGO GINGER,LONG CLAWSON,28
0094,CURDS YELLOW,HENNINGS,21
0095,LANCASHIRE KIRKHAMS RAW,NEALS YARD,30
0096,PARMESAN SHAVED,BELGIOIOSO,21
0097,BELLAVITANO RUM RUNNER QUARTER,SARTORI CHEESE,21
0098,ALPHA TOLMAN CELLARS RAW,JASPER HILL FARM,21
0099,OLIVES DOLCE MIX,DIVINA,21
0100,BEETS MARINATED,DIVINA,21
0101,FONTINA CARR VALLEY,CARR VALLEY,30
0102,NUTS SPANISH COCKTAIL MIX,MITICA,90
0103,GOUDA 3 CHILI PEPPER,ROTH,21
0104,PROVOLONE,STORE BRAND,28
0105,CHEDDAR MILD,STORE BRAND,28
0106,COLBY JACK,STORE BRAND,28
0107,PEPPER JACK,STORE BRAND,28
0108,PAVINO,ROTH,28
0109,PESTO GENOVESE,IL FORTETO,14
0110,CHEDDAR SEASIDE SMOKED,ASHLEY CHASE ESTATE,21
0111,CORNICHONS,DIVINA,21
0112,BLUE ROQUEFORT REVELATION RAW,FROMAGERIES PAPILLON,21
0113,CAPRICHO WITH ROSEMARY,MITICA,6
0114,CHEDDAR SWEET RED,BARBERS,30
0115,OLIVES SALAD MIX PITTED,DIVINA,21
0116,UBRIACO PROSECCO,MITICA,30
0117,HOP ALONG OG,COWGIRL CREAMERY,30
0118,GOUDA YOUNGSTERS SMOKED,ARTIKAAS,30
0119,OLIVES READY TO ROAST MIX,DIVINA,14
0120,NEGRONI BLUE CHEESE,MITICA,21
0121,BELLAVITANO MERLOT,SARTORI CHEESE,28
0122,CHEDDAR BARBERS 1833,BARBERS,30
0123,ORO ITALIANO,MITICA,30
0124,HUMBOLDT FOG,CYPRESS GROVE,6
0125,EMMENTALER SINGLE SOURCE RAW,EMMI,30
0126,MANCHEGO 12 MONTH,EL TRIGAL,30
0127,CAMPO DE MONTALBAN,MITICA,30
0128,MANCHEGO 6 MONTH,EL TRIGAL,30
0129,GRUYERE CAVE AGED KALTBACH RAW,EMMI,30
0130,COLSTON BASSETT STILTON VEG RENNET,NEALS YARD,21
0131,BLUE GORGONZOLA DOLCE,IGOR,21
0132,PARMESAN SARVECCHIO QUARTER,SARTORI CHEESE,30
0133,EMMENTALER CAVE AGED KALTBACH RAW,EMMI,21
0134,BRIE DE PARIS,LACTALIS,6
0135,BLUE ORIGINAL RAW,POINT REYES FARMSTEAD,21
0136,PORT SALUT,SAFR,21
0137,TRIPLE CREAM,ST ANDRE,6
0138,WENSLEYDALE CRANBERRY,SOMERDALE,30
0139,BLUE SAINT AGUR,SAINT AGUR,21
0140,LA TUR,ALTA LANGA,6
0141,PARMESAN SHRED,BELGIOIOSO,21
0142,CORDOBES,MITICA,30
0143,BRIE FROMAGER D AFFINOIS,FROMAGER D AFFINOIS,6
0144,OSSAU IRATY 8 - 12 MONTH,AGOUR,30
0145,PIAVE VECCHIO AGED 12 MONTHS,AGRIFORM,30
0146,TALEGGIO,CA DE AMBROS,21
0147,PETIT BASQUE,ISTARA,30
0148,BLUE GORGONZOLA PICCANTE,IGOR,21
0149,PECORINO ROMANO ORIGINAL FULVI,FULVI,30
0150,JARLSBERG LOAF,NORSELAND,30
0151,MOZZARELLA LOAF WHOLE MILK GRANDE,IL GIARDINO,30
0152,SOTTOCENERE AL TARTUFO,MITICA,30
0153,JARLSBERG LITE LOAF,NORSELAND,30
0154,PARMIGIANO REGGIANO GRATED RAW,MITICA,21
0155,BLUE DANISH,ROSENBORG,21
0156,BLUE BUTTERMILK RAW,ROTH,21
0157,FONTINA VAL D AOSTA RAW,MITICA,30
0158,MAHON,MITICA,30
0159,CHEDDAR FARMHOUSE KEENS RAW,NEALS YARD,30
0160,DELICE DE BOURGOGNE,LINCET,6
0161,MIDNIGHT MOON,CYPRESS GROVE,30
0162,ASIAGO FRESCO,MITICA,30
0163,CHEDDAR EXTRA SHARP,TILLAMOOK,30
0164,DRUNKEN GOAT,MITICA,30
0165,PETIT AGOUR,AGOUR,30
0166,PARMIGIANO REGGIANO RINDS RAW,MITICA,21
0167,MANOURI,KRINOS,30
0168,CANA DE CABRA,MITICA,6
0169,CHEDDAR PORTER,CAHILL,30
0170,PECORINO ROMANO SHRED,FULVI,21
0171,BLUE CAMBOZOLA,CHAMPIGNON,6
0172,BLUE D AUVERGNE RAW PDO,LIVRADOIS,21
0173,PECORINO TOSCANO,MITICA,30
0174,MIMOLETTE 12 MONTH,ISIGNY STE MERE,30
0175,MOZZARELLA SMOKED,IL GIARDINO,30
0176,Lincolnshire Poacher,NEALS YARD,30
0177,BLUE AMISH,SALEMVILLE,21
0178,LAMB CHOPPER,CYPRESS GROVE,30
0179,JARLSBERG,NORSELAND,21
0180,CAPRICHO DE CABRA,MITICA,6
0181,RED DRAGON,SOMERDALE,30
0182,CHEDDAR SMOKED,CARR VALLEY,21
0183,BRIE SAINT ANGEL,FROMAGER D AFFINOIS,6
0184,GRAN QUESO,ROTH,30
0185,PROVOLONE SMOKED MEZZALUNA,MEZZALUNA,30
0186,TOMME THOMASVILLE RAW,SWEET GRASS DAIRY,30
0187,APPLEBYS CHESHIRE RAW,NEALS YARD,30
0188,SWISS RACLETTE,EMMI,30
0189,STILTON WITH LEMON,LONG CLAWSON,30
0190,PYRENEES BREBIS,HERVE MONS,30
0191,PICAQUICOS,MITICA,90
0192,BLUE BAYLEY HAZEN RAW,JASPER HILL FARM,21
0193,OLIVES STUFFED BLUE CHEESE,DIVINA,21
0194,GABIETOU,HERVE MONS,30
0195,PLEASANT RIDGE RESERVE RAW,UPLANDS CHEESE,30
0196,RED LEICESTER SPARKENHOE RAW,NEALS YARD,30
0197,CHEDDAR CABOT CLOTHBOUND,JASPER HILL FARM,30
0198,GOUDA PEPPER,MARIEKE,30
0199,OLIVES KALAMATA WITH PIT,DIVINA,21
0200,OLIVES CERIGNOLA GREEN MFG DISCO,DIVINA,21
0201,OLIVES GREEK OLIVE MIX,DIVINA,21
0202,OLIVES GREEK OLIVE MIX PITTED,DIVINA,21
0203,PEPPERS RED PEPPADEW,DIVINA,21
0204,ALMONDS MARCONA,MITICA,90
0205,CHEDDAR CUBE,ARTHUR SCHUMAN,21
0206,TRUFFLE TREMOR,CYPRESS GROVE,6
0207,CHEDDAR SEASIDE,ASHLEY CHASE ESTATE,21
0208,CHEDDAR KILAREE AGED 15 MONTH,KERRYGOLD,30
0209,PARMIGIANO REGGIANO 24 MONTH RAW,MITICA,21
0210,BRIE LE PETIT,LACTALIS,6
0211,MANCHEGO 3 MONTH,CORCUERA,28
0212,CAPRICHO DE CABRA WITH HERBS,MITICA,6
0213,COLBY CUBES,ARTHUR SCHUMAN,21
0214,MUSHROOMS GARLIC HERB,DIVINA,21
0215,QUADRELLO DI BUFALA,MITICA,21
0216,CHEDDAR SMOKED GOAT,CARR VALLEY,30
0217,MOZZARELLA LMPS DELI,STORE BRAND,30
0218,CAPRICHO DE CABRA W/ PIMENTON,MITICA,6
0219,LANDAFF,NEALS YARD,21
0220,BRIE METROPOLITAN,OLD EUROPE,6
0221,GARLIC ROASTED,DIVINA,21
0222,DOMAS PROMO,DIVINA,14
0223,OLIVES MIXED GREEK PITTED PROMO,DIVINA,14
0224,DISC CHOCOLATE DARK 70 OG,BEYOND GOOD,120
0225,DISC CHOCOLATE DARK 95 OG,BEYOND GOOD,120
0226,CHEESE MT TAM TRIPLE CREAM OG,COWGIRL CREAMERY,21
0227,ROASTED GARLIC CLOVES,DIVINA,14
0228,LE MARECHAL,EMMI,21
0229,PITTED OLIVES WITH FETA AND OIL,APETINA,7
